Name,Date,Medicaid Paid Days ,Private Paid Days ,Medicare Paid Days ,Total Days ,% of Total Days Paid for by Private Pay 
Casa Promesa,01/01/2016  ,0,0,0,0,NA
Elizabeth Seton Pediatric Center,01/01/2016  ,0,0,0,0,NA
Highbridge-Woodycrest Center Inc,01/01/2016  ,0,0,0,0,NA
Home For Aged Blind,01/01/2016  ,0,0,0,0,NA
Hope Center for HIV and Nursing Care,01/01/2016  ,0,0,0,0,NA
Incarnation Childrens Center,01/01/2016  ,0,0,0,0,NA
St Marys Center Inc,01/01/2016  ,0,0,0,0,NA
St Marys Hospital For Children Inc,01/01/2016  ,0,0,0,0,NA
Sunshine Childrens Home and Rehab Center,01/01/2016  ,0,0,0,0,NA
Kendal at Ithaca Inc,01/01/2016  ,32,10696,547,11275,94.86%
Fox Run at Orchard Park,01/01/2016  ,1192,14294,343,15829,90.30%
Nottingham Residential Health Care Facility,01/01/2016  ,1844,12349,324,14517,85.07%
Canterbury Woods,01/01/2016  ,1622,14510,1163,17295,83.90%
Kendal on Hudson,01/01/2016  ,366,6742,1332,8440,79.88%
Peconic Landing at Southold,01/01/2016  ,1422,13307,2187,16916,78.67%
Eddy Village Green at Beverwyck,01/01/2016  ,1380,6614,430,8424,78.51%
The Knolls,01/01/2016  ,0,620,221,841,73.72%
Jeffersons Ferry,01/01/2016  ,2138,13874,4301,20313,68.30%
Good Shepherd Village at Endwell,01/01/2016  ,2166,7751,1479,11396,68.02%
Maplewood Nursing Home Inc,01/01/2016  ,7032,17373,2057,26462,65.65%
St Johns Penfield Homes Corporation,01/01/2016  ,2450,4695,26,7171,65.47%
The Osborn,01/01/2016  ,0,18932,10131,29063,65.14%
Glen Arden Inc,01/01/2016  ,2245,8165,2610,13020,62.71%
St Anns Community (NH),01/01/2016  ,9727,15540,639,25906,59.99%
The Amsterdam at Harborside,01/01/2016  ,2495,10920,5745,19160,56.99%
Kingsway Arms Nursing Center Inc,01/01/2016  ,21095,32256,4446,57797,55.81%
Woodland Pond at New Paltz,01/01/2016  ,1832,7314,4247,13393,54.61%
NYS Veterans Home at Montrose,01/01/2016  ,25963,37803,10914,74680,50.62%
The Friendly Home,01/01/2016  ,29448,35822,5618,70888,50.53%
Seton Health at Schuyler Ridge Residential Healthcare,01/01/2016  ,17260,21096,4334,42690,49.42%
Pathways Nursing and Rehabilitation Center,01/01/2016  ,3859,5046,1470,10375,48.64%
King Street Home Inc,01/01/2016  ,1129,13758,14677,29564,46.54%
Eddy Village Green,01/01/2016  ,34650,30516,2415,67581,45.15%
Oak Hill Manor Nursing Home,01/01/2016  ,9981,9314,1980,21275,43.78%
Mercy Hospital Skilled Nursing Facility,01/01/2016  ,15861,13036,1539,30436,42.83%
Elderwood at Liverpool,01/01/2016  ,20307,22005,10010,52322,42.06%
James A Eddy Memorial Geriatric Center,01/01/2016  ,15437,12079,1211,28727,42.05%
Bayberry Nursing Home,01/01/2016  ,8650,7348,2954,18952,38.77%
Greenfield Health and Rehabilitation Center,01/01/2016  ,18790,19891,16367,55048,36.13%
Coler Rehabilitation and Nursing Care Center,01/01/2016  ,163161,92876,2088,258125,35.98%
Beechwood  Homes,01/01/2016  ,51842,33337,11932,97111,34.33%
Fairport Baptist Homes,01/01/2016  ,26461,16205,5712,48378,33.50%
Glendale Home-Schdy Cnty Dept Social Services,01/01/2016  ,42843,23384,5224,71451,32.73%
Our Lady Of Mercy Life Center,01/01/2016  ,25699,17827,10960,54486,32.72%
Syracuse Home Association,01/01/2016  ,18001,13485,9860,41346,32.62%
NYS Veterans Home,01/01/2016  ,45148,22625,1648,69421,32.59%
Haym Solomon Home For The Aged,01/01/2016  ,26696,26152,30434,83282,31.40%
Elderwood at Amherst,01/01/2016  ,15495,9647,5857,30999,31.12%
Wells Nursing Home Inc,01/01/2016  ,23114,10707,1109,34930,30.65%
The Brightonian Inc,01/01/2016  ,9263,5767,3873,18903,30.51%
Baird Nursing Home,01/01/2016  ,5958,2838,507,9303,30.51%
River Ridge Living Center,01/01/2016  ,23637,12592,5099,41328,30.47%
Park Ridge Nursing Home,01/01/2016  ,16787,13083,13335,43205,30.28%
TLC Health Network-Lake Shore Hospital Nursing Facil,01/01/2016  ,1168,954,1058,3180,30.00%
Finger Lakes Center for Living,01/01/2016  ,16179,8161,3082,27422,29.76%
Daughters Of Sarah Nursing Center,01/01/2016  ,45644,22301,7004,74949,29.75%
Jewish Home Of Central New York,01/01/2016  ,27778,13317,4821,45916,29.00%
Ross Center for Nursing and Rehabilitation,01/01/2016  ,15488,7192,2265,24945,28.83%
Sunnyside Care Center,01/01/2016  ,14935,7565,3752,26252,28.82%
The Cottages at garden Grove,01/01/2016  ,24834,15024,12784,52642,28.54%
Elizabeth Church Manor Nursing Home,01/01/2016  ,25452,11980,4717,42149,28.42%
Oceanside Care Center Inc,01/01/2016  ,20074,10061,5321,35456,28.38%
Schofield Residence,01/01/2016  ,22758,11687,7343,41788,27.97%
Good Shepherd-Fairview Home Inc,01/01/2016  ,7544,5115,5985,18644,27.44%
Elderwood at Wheatfield,01/01/2016  ,24515,11561,6370,42446,27.24%
Regal Heights Rehabilitation and Health Care Center,01/01/2016  ,58420,26798,13412,98630,27.17%
James G Johnston Memorial Nursing Home,01/01/2016  ,24799,11172,5976,41947,26.63%
Chautauqua Nursing and Rehabilitation Center,01/01/2016  ,47350,19760,7954,75064,26.32%
Briody Rehab and Residential Health Care Center,01/01/2016  ,5595,2565,1654,9814,26.14%
The Grand Rehabilitation and Nursing at Guilderland,01/01/2016  ,3338,1512,977,5827,25.95%
Crest Manor Living and Rehabilitation Center,01/01/2016  ,16806,6611,2065,25482,25.94%
Riverview Manor Health Care Center,01/01/2016  ,17657,6973,2377,27007,25.82%
Western New York State Veterans Home,01/01/2016  ,25559,9316,1477,36352,25.63%
Ten Broeck Commons,01/01/2016  ,58959,23559,10041,92559,25.45%
Chenango Memorial Hospital Inc Snf,01/01/2016  ,15463,6386,3380,25229,25.31%
Franklin Center for Rehabilitation and Nursing,01/01/2016  ,75319,28194,7986,111499,25.29%
The Pavilion at Queens for Rehabilitation & Nursing,01/01/2016  ,52406,24902,22810,100118,24.87%
Sunharbor Manor,01/01/2016  ,48725,21851,17342,87918,24.85%
Father Baker Manor,01/01/2016  ,25884,13576,15271,54731,24.80%
Church Home Of The Protestant Episcopal Church,01/01/2016  ,33746,13987,9066,56799,24.63%
Brothers Of Mercy Nursing & Rehabilitation Center,01/01/2016  ,48662,19828,12452,80942,24.50%
Edna Tina Wilson Living Center,01/01/2016  ,29595,10440,3032,43067,24.24%
Jennie B Richmond Chaffee Nursing Home Company Inc,01/01/2016  ,12413,5795,5775,23983,24.16%
Victoria Home,01/01/2016  ,11429,4177,1737,17343,24.08%
Rockville Skilled Nursing & Rehabilitation Center LLC,01/01/2016  ,9366,5370,7566,22302,24.08%
Nyack Manor Nursing Home,01/01/2016  ,33869,12653,6107,52629,24.04%
MM Ewing Continuing Care Center,01/01/2016  ,40051,14877,7876,62804,23.69%
Cold Spring Hills Center for Nursing and Rehabilitation,01/01/2016  ,74604,27221,13536,115361,23.60%
Waterville Residential Care Center,01/01/2016  ,20795,7249,2847,30891,23.47%
Warren Center for Rehabilitation and Nursing,01/01/2016  ,16179,6281,4571,27031,23.24%
St Camillus Residential Health Care Facility,01/01/2016  ,52941,20781,15790,89512,23.22%
Medford Multicare Center for Living,01/01/2016  ,71047,23975,8294,103316,23.21%
Elderwood at Williamsville,01/01/2016  ,38902,14785,10537,64224,23.02%
Ideal Senior Living Center,01/01/2016  ,33078,11368,5225,49671,22.89%
Maplewood Health Care and Rehabilitation Center,01/01/2016  ,22434,7641,3314,33389,22.88%
Wingate of Ulster,01/01/2016  ,20406,8336,7691,36433,22.88%
Susquehanna Nursing & Rehabilitation Center LLC,01/01/2016  ,29924,11798,10005,51727,22.81%
Aaron Manor Rehabilitation and Nursing Center,01/01/2016  ,31630,10351,3546,45527,22.74%
Presbyterian Home For Central New York Inc,01/01/2016  ,47017,16787,10083,73887,22.72%
Clove Lakes Health Care and Rehabilitation Center,01/01/2016  ,121712,40379,18263,180354,22.39%
Rutland Nursing Home Co Inc,01/01/2016  ,96829,31376,12023,140228,22.37%
Saints Joachim & Anne Nursing and Rehabilitation Ce,01/01/2016  ,47673,15480,6349,69502,22.27%
Rosa Coplon Jewish Home,01/01/2016  ,38194,13397,8578,60169,22.27%
Sprain Brook Manor Rehab LLC,01/01/2016  ,21654,8856,9392,39902,22.19%
Long Island State Veterans Home,01/01/2016  ,78812,24124,5772,108708,22.19%
Fulton Center for Rehabilitation and Healthcare,01/01/2016  ,36456,13417,11638,61511,21.81%
Wingate of Dutchess,01/01/2016  ,28726,10766,10443,49935,21.56%
Harris Hill Nursing Facility LLC,01/01/2016  ,36943,14275,15093,66311,21.53%
St Peters Nursing and Rehabilitation Center,01/01/2016  ,30181,11371,11394,52946,21.48%
St Josephs Hospital - Skilled Nursing Facility,01/01/2016  ,19065,6477,4663,30205,21.44%
Bethany Gardens Skilled Living Center,01/01/2016  ,20078,7263,6570,33911,21.42%
Bensonhurst Center for Rehabilitation and Healthcare,01/01/2016  ,31327,15333,25016,71676,21.39%
Indian River Rehabilitation and Nursing Center,01/01/2016  ,26223,8723,5958,40904,21.33%
Fulton Commons Care Center Inc,01/01/2016  ,59224,20206,15995,95425,21.17%
Quaker Hill Manor,01/01/2016  ,22598,6973,3551,33122,21.05%
Iroquois Nursing Home Inc,01/01/2016  ,31684,11915,13411,57010,20.90%
Conesus Lake Nursing Home LLC,01/01/2016  ,11508,3403,1385,16296,20.88%
St Johns Health Care Corporation,01/01/2016  ,109583,31449,10643,151675,20.73%
The Highlands Living Center,01/01/2016  ,28433,8823,5467,42723,20.65%
Penn Yan Manor Nursing Home Inc,01/01/2016  ,12562,3373,437,16372,20.60%
Wayne Health Care,01/01/2016  ,35340,10879,6829,53048,20.51%
Woodside Manor Nursing Home Inc,01/01/2016  ,10644,3243,2003,15890,20.41%
Jewish Home of Rochester,01/01/2016  ,76227,24903,21085,122215,20.38%
Valley Health Services Inc,01/01/2016  ,36256,10866,6958,54080,20.09%
Orchard Manor Rehabilitation and Nursing Center,01/01/2016  ,36578,10633,5953,53164,20.00%
Crouse Community Center Inc,01/01/2016  ,27984,8038,4594,40616,19.79%
Masonic Care Community of New York,01/01/2016  ,82707,22548,8769,114024,19.77%
Elderwood at Hamburg,01/01/2016  ,32695,10721,11048,54464,19.68%
Park Gardens Rehabilitation & Nursing Center LLC,01/01/2016  ,52953,13774,3667,70394,19.57%
Ontario Center for Rehabilitation and Healthcare,01/01/2016  ,21284,6592,6131,34007,19.38%
Palatine Nursing Home,01/01/2016  ,17074,4649,2274,23997,19.37%
Northern Dutchess Residential Health Care Facility Inc,01/01/2016  ,21193,6663,6573,34429,19.35%
East Side Nursing Home,01/01/2016  ,18160,4850,2187,25197,19.25%
Beach Terrace Care Center,01/01/2016  ,49395,12260,2173,63828,19.21%
Bethlehem Commons Care Center,01/01/2016  ,30009,7860,3418,41287,19.04%
St Josephs Home,01/01/2016  ,23220,5696,1011,29927,19.03%
Diamond Hill Nursing and Rehabilitation Center,01/01/2016  ,13825,3640,1697,19162,19.00%
Seneca Hill Manor Inc,01/01/2016  ,24831,7452,7106,39389,18.92%
Caton Park Nursing Home,01/01/2016  ,32248,7992,2024,42264,18.91%
Eddy Heritage House Nursing and Rehabilitation Ctr,01/01/2016  ,21269,7700,11804,40773,18.89%
Absolut Center for Nursing and Rehabilitation at Allega,01/01/2016  ,7699,2399,2621,12719,18.86%
Wilkinson Residential Health Care Facility,01/01/2016  ,41724,10871,5184,57779,18.81%
Wayne County Nursing Home,01/01/2016  ,48758,12783,6653,68194,18.75%
Concord Nursing Home Inc,01/01/2016  ,32856,7998,1962,42816,18.68%
Ditmas Park Care Center,01/01/2016  ,35676,13251,22121,71048,18.65%
St Luke Residential Health Care Facility Inc,01/01/2016  ,44508,12122,8425,65055,18.63%
St Josephs Hosp Nursing Home Of Yonkers N Y Inc,01/01/2016  ,46843,12162,6283,65288,18.63%
Cortland Regional Nursing and Rehabilitation Center,01/01/2016  ,17711,5042,4364,27117,18.59%
Middletown Park Rehabilitation and Health Care Ctr,01/01/2016  ,51344,14966,15199,81509,18.36%
The Crossings Nursing and Rehabilitation Centre,01/01/2016  ,15786,4648,4909,25343,18.34%
Mcauley Residence,01/01/2016  ,22829,9003,17280,49112,18.33%
Fort Hudson Nursing Center Inc,01/01/2016  ,53524,13059,4812,71395,18.29%
Elderwood at Lancaster,01/01/2016  ,18629,5638,6713,30980,18.20%
Wedgewood Nursing Home,01/01/2016  ,7270,1827,947,10044,18.19%
Wingate at Beacon,01/01/2016  ,35191,10047,10194,55432,18.12%
Bethel Nursing and Rehabilitation Center,01/01/2016  ,43604,11630,9060,64294,18.09%
Wellsville Manor Care Center,01/01/2016  ,28066,6970,4222,39258,17.75%
Aurelia Osborn Fox Memorial Hospital,01/01/2016  ,33559,8230,4567,46356,17.75%
Ellis Residential & Rehabilitation Center,01/01/2016  ,19866,5107,3817,28790,17.74%
Brookside Multicare Nursing Center,01/01/2016  ,90574,19795,2239,112608,17.58%
Lutheran Retirement Home,01/01/2016  ,36614,9134,6319,52067,17.54%
Autumn View Health Care Facility LLC,01/01/2016  ,42714,13674,21583,77971,17.54%
Cuba Memorial Hospital Inc Snf,01/01/2016  ,14999,3205,80,18284,17.53%
Saratoga Hospital Nursing Home,01/01/2016  ,4002,1043,914,5959,17.50%
New Glen Oaks Nursing Home,01/01/2016  ,14636,3718,2976,21330,17.43%
Avon Nursing Home LLC,01/01/2016  ,9812,2373,1609,13794,17.20%
Tolstoy Foundation Rehabilitation & Nursing Center,01/01/2016  ,21493,5672,5836,33001,17.19%
Bethel Nursing Home Company Inc,01/01/2016  ,8813,2397,2782,13992,17.13%
Achieve Rehab and Nursing Facility,01/01/2016  ,27981,7718,9400,45099,17.11%
The Pines Healthcare & Rehabilitation Centers Machias Ca,01/01/2016  ,32158,6996,1738,40892,17.11%
Glengariff Health Care Center,01/01/2016  ,48912,14027,19754,82693,16.96%
Hudson Valley Rehabilitation and Extended Care Center,01/01/2016  ,37127,8816,6279,52222,16.88%
Katherine Luther Residential Health Care and Rehab C,01/01/2016  ,60229,14777,12727,87733,16.84%
Teresian House Nursing Home Co Inc,01/01/2016  ,84292,18130,5288,107710,16.83%
The Pines at Glens Falls Center for Nursing & Rehabili,01/01/2016  ,21043,6751,12358,40152,16.81%
Mary Manning Walsh Nursing Home Co Inc,01/01/2016  ,73381,21405,33247,128033,16.72%
Hill Haven Nursing Home,01/01/2016  ,66850,16691,16920,100461,16.61%
Oceanview Nursing & Rehabilitation Center LLC,01/01/2016  ,27502,6055,3034,36591,16.55%
Heritage Village Rehab and Skilled Nursing Inc,01/01/2016  ,32418,7129,3640,43187,16.51%
The Heritage Rehabilitation and Health Care Center,01/01/2016  ,17662,4599,5601,27862,16.51%
Montgomery Nursing and Rehabilitation Center,01/01/2016  ,25894,5708,3344,34946,16.33%
The Stanton Nursing and Rehabilitation Centre,01/01/2016  ,27923,6495,5360,39778,16.33%
Excel at Woodbury for Rehabilitation and Nursing LLC,01/01/2016  ,15481,6247,16654,38382,16.28%
Pelham Parkway Nursing and Rehabilitation Facility,01/01/2016  ,58309,11451,768,70528,16.24%
The Grand Rehabilitation and Nursing at Chittenango,01/01/2016  ,18452,4624,5440,28516,16.22%
Charles T Sitrin Health Care Center Inc,01/01/2016  ,33009,8385,10358,51752,16.20%
Willow Point Rehabilitation and Nursing Center,01/01/2016  ,78955,16969,9387,105311,16.11%
Sands Point Center For Health And Rehabilitation,01/01/2016  ,38056,9915,13696,61667,16.08%
Little Neck Care Center,01/01/2016  ,26583,6452,7317,40352,15.99%
"The New Jewish Home, Sarah Neuman",01/01/2016  ,77177,17213,13804,108194,15.91%
The Baptist Home at Brookmeade,01/01/2016  ,32157,6722,3394,42273,15.90%
Elderwood at Grand Island,01/01/2016  ,17966,4290,4752,27008,15.88%
Elderwood at Cheektowaga,01/01/2016  ,36862,9065,11270,57197,15.85%
Penfield Place LLC,01/01/2016  ,12040,2575,1710,16325,15.77%
Livingston Hills Nursing and Rehabilitation Center,01/01/2016  ,28690,6553,6357,41600,15.75%
Palm Gardens Center for Nursing and Rehabilitation,01/01/2016  ,41830,10574,14808,67212,15.73%
The Pines Healthcare & Rehabilitation Centers Olean Camp,01/01/2016  ,34558,6783,1782,43123,15.73%
ChaseHealth Rehab and Residential Care,01/01/2016  ,20763,4282,2204,27249,15.71%
North Westchester Restorative Therapy and Nursing,01/01/2016  ,12293,6486,22517,41296,15.71%
St Anns Community (Aged),01/01/2016  ,111051,25627,26552,163230,15.70%
Leroy Village Green Residential Health Care Facility Inc,01/01/2016  ,31048,6930,6379,44357,15.62%
Richmond Center for Rehabilitation and Specialty Healthcare,01/01/2016  ,30491,6394,4060,40945,15.62%
Hamilton Manor Nursing Home,01/01/2016  ,9950,2129,1559,13638,15.61%
San Simeon by the Sound Center for Nrsg and Reha,01/01/2016  ,28110,6464,6845,41419,15.61%
Marquis Rehabilitation & Nursing Center,01/01/2016  ,17922,4818,8206,30946,15.57%
A Holly Patterson Extended Care Facility,01/01/2016  ,145106,27405,4175,176686,15.51%
Heritage Commons Residential Health Care,01/01/2016  ,22300,4280,1222,27802,15.39%
Groton Community Health Care Center Residential Care Facility,01/01/2016  ,20508,4249,2886,27643,15.37%
Glen Cove Center for Nursing and Rehabilitation,01/01/2016  ,10557,7437,30580,48574,15.31%
Salem Hills Rehabilitation and Nursing Center,01/01/2016  ,36514,6816,1300,44630,15.27%
Our Lady of Peace Nursing Care Residence,01/01/2016  ,61805,13612,13864,89281,15.25%
Lakeside - Beikirch Care Center Inc,01/01/2016  ,29872,6268,5232,41372,15.15%
Wyoming County Community Hospital Snf,01/01/2016  ,35937,7202,4435,47574,15.14%
Northwell Health Stern Family Center for Rehabilitation,01/01/2016  ,8819,12354,60870,82043,15.06%
Midway Nursing Home,01/01/2016  ,48630,10072,8845,67547,14.91%
Chestnut Park Rehabilitation and Nursing Center,01/01/2016  ,18390,4176,5551,28117,14.85%
Andrus On Hudson,01/01/2016  ,52290,10156,6297,68743,14.77%
St Regis Nursing Home Inc,01/01/2016  ,43067,8090,3810,54967,14.72%
Carthage Area Hospital,01/01/2016  ,7604,1360,327,9291,14.64%
Washington Center for Rehabilitation and Healthcare,01/01/2016  ,32120,6265,4448,42833,14.63%
Heritage Green Nursing Home,01/01/2016  ,30635,6595,7925,45155,14.61%
Sea View Hospital Rehabilitation Center And Home,01/01/2016  ,87149,15538,4177,106864,14.54%
Samaritan Senior Village Inc,01/01/2016  ,45191,8631,5873,59695,14.46%
Schervier Pavilion,01/01/2016  ,27171,5958,8141,41270,14.44%
St Catherine of Siena Nursing Home,01/01/2016  ,35835,10955,29388,76178,14.38%
Sheepshead Nursing and Rehabilitation Center,01/01/2016  ,39681,10112,20601,70394,14.36%
Boro Park Center for Rehabilitation and Healthcare,01/01/2016  ,102233,25944,52670,180847,14.35%
Cedar Manor Nursing & Rehabilitation Center,01/01/2016  ,35824,7638,9983,53445,14.29%
New East Side Nursing Home,01/01/2016  ,15403,2957,2598,20958,14.11%
Loretto Health and Rehabilitation Center,01/01/2016  ,152546,29612,27880,210038,14.10%
Auburn Senior Services Inc,01/01/2016  ,62477,13012,16995,92484,14.07%
Belair Care Center Inc,01/01/2016  ,4833,4877,25108,34818,14.01%
Latta Road Nursing Home East,01/01/2016  ,10840,1960,1227,14027,13.97%
Essex Center for Rehabilitation and Healthcare,01/01/2016  ,25508,4806,4299,34613,13.88%
Clifton Springs Hospital And Clinic Extended Care,01/01/2016  ,26962,4834,3242,35038,13.80%
Lutheran Center at Poughkeepsie Inc,01/01/2016  ,35970,7705,12183,55858,13.79%
Cortland Park Rehabilitation and Nursing Center,01/01/2016  ,30527,5476,3709,39712,13.79%
Evergreen Commons Rehabilitation and Nursing Center,01/01/2016  ,66586,11868,7765,86219,13.76%
Fieldston Lodge Care Center,01/01/2016  ,53292,9105,3934,66331,13.73%
Sky View Rehabilitation and Health Care Center LLC,01/01/2016  ,41977,8643,12723,63343,13.64%
Folts Center for Rehabilitation and Nursing,01/01/2016  ,40574,7085,4296,51955,13.64%
Latta Road Nursing Home West,01/01/2016  ,11373,1923,831,14127,13.61%
Alice Hyde Medical Center,01/01/2016  ,28819,4953,2723,36495,13.57%
Absolut Center for Nursing and Rehabilitation at Orcha,01/01/2016  ,53776,9702,8201,71679,13.54%
North Shore-LIJ Orzac Center for Rehabilitation,01/01/2016  ,3432,5497,31741,40670,13.52%
Elderwood at Waverly,01/01/2016  ,47787,8878,9316,65981,13.46%
Ozanam Hall Of Queens Nursing Home Inc,01/01/2016  ,99129,18681,21148,138958,13.44%
Waterview Hills Rehabilitation and Nursing Center,01/01/2016  ,28018,5727,8978,42723,13.40%
Mercy Living Center,01/01/2016  ,14734,2538,1670,18942,13.40%
Sutton Park Center for Nursing and Rehabilitation,01/01/2016  ,33247,7231,13899,54377,13.30%
Highland Park Rehabilitation and Nursing Center,01/01/2016  ,19455,3521,3616,26592,13.24%
Vestal Park Rehabilitation and Nursing Center,01/01/2016  ,38607,7096,8352,54055,13.13%
The Capital Living Nursing and Rehabilitation Centre,01/01/2016  ,62062,11134,11710,84906,13.11%
Grandell Rehabilitation and Nursing Center,01/01/2016  ,76105,12707,8924,97736,13.00%
Beechtree Center for Rehabilitation and Nursing,01/01/2016  ,29665,5029,4141,38835,12.95%
Meadow Park Rehabilitation and Health Care Center,01/01/2016  ,37395,6565,6838,50798,12.92%
Robinson Terrace,01/01/2016  ,33986,5327,1913,41226,12.92%
Renaissance Rehabilitation and Nursing Care Center,01/01/2016  ,29651,5473,7281,42405,12.91%
Meadowbrook Care Center Inc,01/01/2016  ,64567,11817,15743,92127,12.83%
South Point Plaza Nursing and Rehabilitation Center,01/01/2016  ,51812,8300,4645,64757,12.82%
Greene Meadows Nursing and Rehabilitation Center,01/01/2016  ,25879,4777,6629,37285,12.81%
Pontiac Nursing Home,01/01/2016  ,18205,2965,2075,23245,12.76%
Absolut Center for Nursing and Rehabilitation at Eden,01/01/2016  ,10459,1727,1401,13587,12.71%
Brookhaven Rehabilitation & Health Care Center,01/01/2016  ,87300,13463,5174,105937,12.71%
Adira at Riverside Rehabilitation and Nursing,01/01/2016  ,20842,4544,10448,35834,12.68%
New Gouverneur Hospital Snf,01/01/2016  ,46501,9477,18978,74956,12.64%
Albany County Nursing Home,01/01/2016  ,67950,10244,2868,81062,12.64%
Valley View Manor Nursing Home,01/01/2016  ,21665,3531,2758,27954,12.63%
Atrium Center for Rehabilitation and Nursing,01/01/2016  ,98106,16997,19602,134705,12.62%
Adirondack Tri-County Nursing and Rehabilitation,01/01/2016  ,20947,3235,1528,25710,12.58%
Park Terrace Care Center,01/01/2016  ,48324,7193,2282,57799,12.44%
Focus Rehabilitation and Nursing Center at Otsego,01/01/2016  ,46304,7548,6865,60717,12.43%
Sunrise Manor Center for Nursing and Rehabilitation,01/01/2016  ,22938,3644,2898,29480,12.36%
Nathan Littauer Hospital Nursing Home,01/01/2016  ,23614,3734,3006,30354,12.30%
Split Rock Rehabilitation and Health Care Center,01/01/2016  ,61648,9029,3069,73746,12.24%
Mountainside Residential Care Center,01/01/2016  ,24392,3553,1188,29133,12.20%
Lakeview Rehabilitation and Care Center,01/01/2016  ,20201,4638,13248,38087,12.18%
New York State Veterans Home In New York City,01/01/2016  ,53627,7834,3383,64844,12.08%
Terrace View Long Term Care Facility,01/01/2016  ,100858,14994,8590,124442,12.05%
Oneida Healthcare,01/01/2016  ,35752,6184,9541,51477,12.01%
Wesley Health Care Center Inc,01/01/2016  ,93660,13943,9716,117319,11.88%
Mayfair Care Center,01/01/2016  ,55622,8090,4627,68339,11.84%
Meadowbrook Healthcare,01/01/2016  ,43759,8487,19527,71773,11.82%
Baptist Health Nursing And Rehabilitation Center Inc,01/01/2016  ,70925,10760,9345,91030,11.82%
The Villages of Orleans Health and Rehabilitation Center,01/01/2016  ,33305,5048,4393,42746,11.81%
Norwich Rehabilitation & Nursing Center,01/01/2016  ,18641,3336,6436,28413,11.74%
Hempstead Park Nursing Home,01/01/2016  ,69472,9413,1942,80827,11.65%
Lawrence Nursing Care Center Inc,01/01/2016  ,57266,7753,1640,66659,11.63%
Steuben Center for Rehabilitation and Healthcare,01/01/2016  ,25020,4307,7788,37115,11.60%
Hamilton Park Nursing and Rehabilitation Center,01/01/2016  ,43671,8304,19685,71660,11.59%
Newark Manor Nursing Home,01/01/2016  ,14025,2214,3000,19239,11.51%
The Center for Nursing and Rehabilitation at Hoosick Falls,01/01/2016  ,18071,2880,4143,25094,11.48%
Ira Davenport Memorial Hospital SNF HRF,01/01/2016  ,32147,4652,3792,40591,11.46%
North Gate Health Care Facility,01/01/2016  ,49150,7645,10214,67009,11.41%
Sunset Nursing and Rehabilitation Center Inc,01/01/2016  ,30437,4354,3487,38278,11.37%
Margaret Tietz Center For Nursing Care Inc,01/01/2016  ,49398,7929,12395,69722,11.37%
Seneca Health Care Center,01/01/2016  ,38914,6376,10851,56141,11.36%
Eastern Star Home & Infirmary,01/01/2016  ,21223,3111,3089,27423,11.34%
Putnam Nursing & Rehabilitation Center,01/01/2016  ,31639,4593,4312,40544,11.33%
Golden Hill Nursing and Rehabilitation Center,01/01/2016  ,55154,9083,16204,80441,11.29%
The Grand Pavilion for Rehab & Nursing at Rockville Centre,01/01/2016  ,33316,6305,16299,55920,11.28%
United Hebrew Geriatric Center,01/01/2016  ,74040,11885,19523,105448,11.27%
Odd Fellow & Rebekah Rehabilitation & Health Care Center Inc,01/01/2016  ,31776,4951,7218,43945,11.27%
Villagecare Rehabilitation and Nursing Center,01/01/2016  ,2366,4071,29839,36276,11.22%
Affinity Skilled Living and Rehabilitation Center,01/01/2016  ,69647,10619,15520,95786,11.09%
New Carlton Rehab and Nursing Center LLC,01/01/2016  ,42197,5505,2074,49776,11.06%
Auburn Rehabilitation and Nursing Center,01/01/2016  ,21297,3259,4980,29536,11.03%
Fiddlers Green Manor Rehabilitation and Nursing Center,01/01/2016  ,19437,2598,1543,23578,11.02%
The Orchard Nursing and Rehabilitation Centre,01/01/2016  ,22514,3272,3989,29775,10.99%
Rosewood Rehabilitation and Nursing Center,01/01/2016  ,18134,3044,6545,27723,10.98%
The Pines at Catskill Center for Nursing & Rehabilitati,01/01/2016  ,28455,5340,15075,48870,10.93%
Methodist Home For Nursing and Rehabilitation,01/01/2016  ,26384,4443,9914,40741,10.91%
Schuyler Hospital Inc And Long Term Care Unit,01/01/2016  ,33981,4564,3385,41930,10.88%
Dr Susan Smith Mckinney Nursing and Rehabilitation Center,01/01/2016  ,87084,12303,13650,113037,10.88%
Waters Edge at Port Jefferson for Rehabilitation and Nursing,01/01/2016  ,30590,4337,4983,39910,10.87%
The Pines at Poughkeepsie Center for Nursing & Reh,01/01/2016  ,45087,7535,16819,69441,10.85%
Chemung County Health Center-nursing Facility,01/01/2016  ,57479,7577,4801,69857,10.85%
The Mountain View Nursing and Rehabilitation Centre,01/01/2016  ,18349,2740,4332,25421,10.78%
Newfane Rehab & Health Care Center,01/01/2016  ,37744,5387,6938,50069,10.76%
Absolut Center for Nursing and Rehabilitation at Auror,01/01/2016  ,89405,11953,10706,112064,10.67%
Elant at Goshen Inc,01/01/2016  ,26214,4446,11033,41693,10.66%
Whittier Rehabilitation & Skilled Nursing Center,01/01/2016  ,29083,4219,6406,39708,10.63%
Brighton Manor,01/01/2016  ,18104,2521,3154,23779,10.60%
Roscoe Regional Rehabilitation&Residential Hlth Care,01/01/2016  ,23708,3180,3182,30070,10.58%
Bridge View Nursing Home,01/01/2016  ,51826,7552,12062,71440,10.57%
Saratoga Center for Rehab and Skilled Nursing Care,01/01/2016  ,66844,8981,9153,84978,10.57%
Cayuga Ridge Extended Care,01/01/2016  ,39504,5198,4837,49539,10.49%
Fairview Nursing Care Center Inc,01/01/2016  ,41508,7257,20709,69474,10.45%
South Shore Rehabilitation and Nursing Center,01/01/2016  ,13400,2609,9059,25068,10.41%
Cortlandt Healthcare,01/01/2016  ,24477,4343,13247,42067,10.32%
Highland Rehabilitation and Nursing Center,01/01/2016  ,19465,3297,9217,31979,10.31%
Clinton County Nursing Home,01/01/2016  ,25550,2950,221,28721,10.27%
Riverledge Health Care and Rehabilitation Center,01/01/2016  ,47961,6206,6469,60636,10.23%
Medina Memorial Hospital Snf,01/01/2016  ,8559,1098,1090,10747,10.22%
Long Island Care Center Inc,01/01/2016  ,41430,6351,15475,63256,10.04%
Gurwin Jewish Nursing and Rehabilitation Center,01/01/2016  ,106675,15516,32385,154576,10.04%
Beacon Rehabilitation and Nursing Center,01/01/2016  ,29680,4282,9052,43014,9.95%
Huntington Living Center,01/01/2016  ,45119,5334,3178,53631,9.95%
Schoellkopf Health Center,01/01/2016  ,31903,4120,5436,41459,9.94%
Waterfront Center for Rehabilitation and Healthcare,01/01/2016  ,38978,5208,8503,52689,9.88%
Huntington Hills Center for Health and Rehabilitation,01/01/2016  ,75328,11031,25263,111622,9.88%
Bethany Nursing Home & Health Related Facility Inc,01/01/2016  ,28963,4119,8670,41752,9.87%
Somers Manor Rehabilitation & Nursing Center,01/01/2016  ,71379,9725,17886,98990,9.82%
Gowanda Rehabilitation and Nursing Center,01/01/2016  ,37109,5494,13664,56267,9.76%
Betsy Ross Rehabilitation Center Inc,01/01/2016  ,32264,3784,2768,38816,9.75%
Heritage Health Care Center,01/01/2016  ,47532,5448,3153,56133,9.71%
Pine Haven Home,01/01/2016  ,14432,1929,3553,19914,9.69%
Van Rensselaer Manor,01/01/2016  ,106686,12285,8090,127061,9.67%
Maria Regina Residence Inc,01/01/2016  ,54336,6362,5149,65847,9.66%
Bronx Park Rehabilitation & Nursing Center,01/01/2016  ,70204,8071,5525,83800,9.63%
Absolut Center for Nursing and Rehabilitation at Three,01/01/2016  ,32924,4021,5393,42338,9.50%
Brooklyn Gardens Nursing & Rehabilitation Center,01/01/2016  ,68995,8020,7886,84901,9.45%
Absolut Center for Nursing and Rehabilitation at Hough,01/01/2016  ,25045,2886,2636,30567,9.44%
Riverside Center for Rehabilitation and Nursing,01/01/2016  ,21827,2661,3742,28230,9.43%
Absolut Center for Nursing and Rehabilitation at Gaspo,01/01/2016  ,21411,2638,4034,28083,9.39%
Garden Gate Health Care Facility,01/01/2016  ,40842,5842,15616,62300,9.38%
Absolut Center for Nursing and Rehabilitation at Westfi,01/01/2016  ,30711,3645,4673,39029,9.34%
Sullivan County Adult Care Center,01/01/2016  ,38320,4338,3804,46462,9.34%
Queen Of Peace Residence,01/01/2016  ,16666,1769,602,19037,9.29%
Lynbrook Restorative Therapy and Nursing,01/01/2016  ,11316,3027,18391,32734,9.25%
White Oaks Rehabilitation and Nursing Center,01/01/2016  ,52668,6302,9699,68669,9.18%
Seneca Nursing and Rehabilitation Center,01/01/2016  ,29242,3393,4438,37073,9.15%
Hilaire Rehab & Nursing,01/01/2016  ,16147,2151,5220,23518,9.15%
Verrazano Nursing Home,01/01/2016  ,36488,3843,1701,42032,9.14%
Chapin Home For The Aging,01/01/2016  ,64023,6794,3900,74717,9.09%
Elm Manor Nursing Home,01/01/2016  ,10426,1321,2793,14540,9.09%
Highfield Gardens Care Center of Great Neck,01/01/2016  ,49628,6080,11717,67425,9.02%
Northwoods Rehabilitation and Nursing Center at Moravia,01/01/2016  ,10150,1154,1527,12831,8.99%
Rome Memorial Hospital Inc - RHCF,01/01/2016  ,20588,2510,4987,28085,8.94%
Buffalo Center for Rehabilitation and Nursing,01/01/2016  ,47706,5561,8960,62227,8.94%
The Shore Winds LLC,01/01/2016  ,66141,6954,4958,78053,8.91%
Morningstar Residential Care Center,01/01/2016  ,30791,3593,5961,40345,8.91%
Elderwood of Uihlein at Lake Placid,01/01/2016  ,4429,495,685,5609,8.83%
Cypress Garden Center for Nursing and Rehabilitation,01/01/2016  ,75891,8386,10778,95055,8.82%
Good Samaritan Nursing Home,01/01/2016  ,29673,3143,2812,35628,8.82%
Absolut Center for Nursing and Rehabilitation at Dunki,01/01/2016  ,7975,1032,2696,11703,8.82%
St Patricks Home,01/01/2016  ,72797,7834,8241,88872,8.81%
Williamsville Suburban LLC,01/01/2016  ,54542,6085,8662,69289,8.78%
Michaud Residential Health Services Inc,01/01/2016  ,20589,2351,3964,26904,8.74%
Park Avenue Extended Care Facility,01/01/2016  ,60937,7152,14074,82163,8.70%
White Plains Center For Nursing Care LLC,01/01/2016  ,17641,2437,8043,28121,8.67%
St Josephs Place,01/01/2016  ,10165,1346,4120,15631,8.61%
New York Center for Rehabilitation,01/01/2016  ,68513,8335,20384,97232,8.57%
Palisade Nursing Home Company Inc,01/01/2016  ,53259,6426,15808,75493,8.51%
Van Duyn Center for Rehabilitation and Nursing,01/01/2016  ,138487,14811,21471,174769,8.47%
Highland Care Center,01/01/2016  ,78979,9634,25159,113772,8.47%
Carillon Nursing and Rehabilitation Center,01/01/2016  ,69142,8732,25374,103248,8.46%
The Valley View Center for Nursing Care and Rehab,01/01/2016  ,91738,10301,19809,121848,8.45%
Mills Pond Nursing and Rehabilitation Center,01/01/2016  ,60141,7276,19173,86590,8.40%
The Grand Rehabilitation and Nursing at Queens,01/01/2016  ,39551,5332,18596,63479,8.40%
Livingston County Center for Nursing and Rehabilitatio,01/01/2016  ,76797,7939,10240,94976,8.36%
Alpine Rehabilitation and Nursing Center,01/01/2016  ,20804,2253,4118,27175,8.29%
Corning Center for Rehabilitation and Healthcare,01/01/2016  ,28460,3251,7618,39329,8.27%
The Willows at Ramapo Rehabiliatation and Nursing Center,01/01/2016  ,44991,5484,16159,66634,8.23%
Absolut Center for Nursing and Rehabilitation at Endic,01/01/2016  ,40598,4096,5307,50001,8.19%
Golden Gate Rehabilitation and Health Care Center,01/01/2016  ,71684,6881,5555,84120,8.18%
Field Home-holy Comforter,01/01/2016  ,24196,3612,16510,44318,8.15%
The Country Manor Nursing and Rehabilitation Centre,01/01/2016  ,26056,2546,2672,31274,8.14%
Heritage Park Health Care Center,01/01/2016  ,41208,4204,6286,51698,8.13%
St Lukes Home,01/01/2016  ,52674,5816,13322,71812,8.10%
Safire Rehabilitation of Southtowns LLC,01/01/2016  ,31628,3236,5096,39960,8.10%
Living Center At Geneva North,01/01/2016  ,23463,2127,772,26362,8.07%
St Catherine Laboure Health Care Center,01/01/2016  ,20358,2284,5725,28367,8.05%
The Wartburg Home,01/01/2016  ,41074,5889,26199,73162,8.05%
Forest View Center for Rehabilitation & Nursing,01/01/2016  ,39907,4538,11971,56416,8.04%
Colonial Park Rehabilitation and Nursing Center,01/01/2016  ,23480,2184,1727,27391,7.97%
Grace Plaza Nursing and Rehabilitation Center,01/01/2016  ,53884,5796,13145,72825,7.96%
Utica Rehabilitation & Nursing Center,01/01/2016  ,29727,2961,4853,37541,7.89%
Concourse Rehabilitation and Nursing Center,01/01/2016  ,61221,6215,11803,79239,7.84%
Norwegian Christian Home And Health Center,01/01/2016  ,29378,3603,13151,46132,7.81%
Degraff Memorial Hospital-skilled Nursing Facility,01/01/2016  ,19395,2191,6679,28265,7.75%
Safire Rehabilitation of Northtowns LLC,01/01/2016  ,26089,2593,4779,33461,7.75%
Daleview Care Center,01/01/2016  ,28985,3723,15353,48061,7.75%
Plattsburgh Rehabilitation and Nursing Center,01/01/2016  ,21429,2293,6170,29892,7.67%
Barnwell Nursing and Rehabilitation Center,01/01/2016  ,60981,5838,9422,76241,7.66%
Catskill Regional Medical Center,01/01/2016  ,15417,1555,3429,20401,7.62%
Mohawk Valley Health Care Center,01/01/2016  ,28071,2693,4940,35704,7.54%
Samaritan Keep Nursing Home Inc,01/01/2016  ,81759,7158,6551,95468,7.50%
Menorah Home And Hospital For,01/01/2016  ,101543,11279,37910,150732,7.48%
Windsor Park Nursing Home,01/01/2016  ,20986,1839,2097,24922,7.38%
Sodus Rehabilitation & Nursing Center,01/01/2016  ,28441,2667,5119,36227,7.36%
The Enclave at Port Chester Rehabilitation and Nursing Center,01/01/2016  ,21821,2000,3572,27393,7.30%
Elant at Meadow Hill,01/01/2016  ,48708,4850,13401,66959,7.24%
Our Lady of Consolation Nursing and Rehabilitation Care Center,01/01/2016  ,87181,9996,40853,138030,7.24%
St Johnland Nursing Center Inc,01/01/2016  ,68101,5912,8353,82366,7.18%
The Pines at Utica Center for Nursing & Rehabilitation,01/01/2016  ,27023,2783,9026,38832,7.17%
Island Nursing and Rehab Center,01/01/2016  ,25953,2957,12459,41369,7.15%
Elant at Fishkill Inc,01/01/2016  ,41746,3952,9640,55338,7.14%
Living Center At Geneva South,01/01/2016  ,17246,1987,8669,27902,7.12%
St Johnsville Rehabilitation and Nursing Center,01/01/2016  ,29692,2790,6696,39178,7.12%
Bellhaven Center For Rehabilitation and Nursing Care,01/01/2016  ,66056,5833,10506,82395,7.08%
The Hurlbut,01/01/2016  ,43633,3717,5164,52514,7.08%
Highland Nursing Home Inc,01/01/2016  ,26648,2256,2970,31874,7.08%
Queens Boulevard Extended Care Facility,01/01/2016  ,53931,6686,34549,95166,7.03%
Northern Metropolitan Residential Health Care Facility Inc,01/01/2016  ,33079,2898,5304,41281,7.02%
Amsterdam Nursing Home Corp (amsterdam House),01/01/2016  ,104768,10204,31103,146075,6.99%
East Neck Nursing and Rehabilitation Center,01/01/2016  ,68330,6917,23869,99116,6.98%
Acadia Center for Nursing and Rehabilitation,01/01/2016  ,37801,3810,13177,54788,6.95%
Kings Harbor Multicare Center,01/01/2016  ,202421,17220,28310,247951,6.94%
Hornell Gardens LLC,01/01/2016  ,28842,2374,3229,34445,6.89%
Elcor Nursing and Rehabilitation Center,01/01/2016  ,92495,7457,8259,108211,6.89%
St Cabrini Nursing Home,01/01/2016  ,89203,7482,12527,109212,6.85%
"The New Jewish Home, Manhattan",01/01/2016  ,134715,12692,38166,185573,6.84%
Elderwood at Hornell,01/01/2016  ,22233,1877,3360,27470,6.83%
Hebrew Home For The Aged At Riverdale,01/01/2016  ,194671,15062,10803,220536,6.83%
Westhampton Care Center,01/01/2016  ,43939,4225,13931,62095,6.80%
James Square Nursing And Rehabilitation Centre,01/01/2016  ,112769,9602,19536,141907,6.77%
Gold Crest Care Center,01/01/2016  ,52471,4205,5753,62429,6.74%
The Grand Rehabilitation and Nursing at Rome,01/01/2016  ,44488,3762,8278,56528,6.66%
Soldiers And Sailors Memorial Hospital Extended Care Unit,01/01/2016  ,37100,2808,2586,42494,6.61%
Providence Rest,01/01/2016  ,50042,4547,14408,68997,6.59%
Comprehensive Rehabilitation and Nursing Center at Williamsville,01/01/2016  ,35218,3191,10350,48759,6.54%
Long Beach Nursing and Rehabilitation Center,01/01/2016  ,13007,1144,3351,17502,6.54%
Schnurmacher Center for Rehabilitation and Nursing,01/01/2016  ,57234,4489,7205,68928,6.51%
Unity Living Center,01/01/2016  ,33521,2530,3113,39164,6.46%
Carmel Richmond Healthcare and Rehabilitation Center,01/01/2016  ,73898,6982,27266,108146,6.46%
Pine Valley Center for Rehabilitation and Nursing,01/01/2016  ,53076,4357,10088,67521,6.45%
Premier Genesee Center for Nursing and Rehabilitation,01/01/2016  ,45560,3522,5820,54902,6.42%
Apex Rehabilitation & Care Center,01/01/2016  ,45857,4259,16584,66700,6.39%
The Highlands at Brighton,01/01/2016  ,29652,2416,6605,38673,6.25%
Silver Lake Specialized Rehabilitation and Care Cente,01/01/2016  ,59786,4174,3484,67444,6.19%
Wesley Gardens Corporation,01/01/2016  ,48459,3766,9601,61826,6.09%
Fort Tryon Center for Rehabilitation and Nursing,01/01/2016  ,62370,4422,6130,72922,6.06%
Hollis Park Manor Nursing,01/01/2016  ,24988,1724,1729,28441,6.06%
Bay Park Center for Nursing and Rehabilitation LLC,01/01/2016  ,155896,10429,5818,172143,6.06%
Forest Hills Care Center,01/01/2016  ,18010,1960,12578,32548,6.02%
The Hamptons Center for Rehabilitation and Nursing,01/01/2016  ,70167,5557,17966,93690,5.93%
Triboro Center for Rehabilitation and Nursing (Bronx County),01/01/2016  ,34155,2371,3506,40032,5.92%
Putnam Ridge,01/01/2016  ,40753,3081,8324,52158,5.91%
Garden Care Center,01/01/2016  ,38233,3039,10175,51447,5.91%
Sapphire Center for Rehabilitation and Nursing of Central Queens LLC,01/01/2016  ,68235,4799,8293,81327,5.90%
Beach Gardens Rehab and Nursing Center,01/01/2016  ,47178,3137,3093,53408,5.87%
Bridgewater Center for Rehabilitation & Nursing LLC,01/01/2016  ,94556,6643,12636,113835,5.84%
Bronx Gardens Rehabilitation and Nursing Center,01/01/2016  ,5918,435,1221,7574,5.74%
Lewis County General Hospital-nursing Home Unit,01/01/2016  ,45783,3031,4384,53198,5.70%
Northeast Center for Rehabilitation and Brain Injury,01/01/2016  ,13155,879,1590,15624,5.63%
The Grove at Valhalla Rehabilitation and Nursing Center,01/01/2016  ,36845,3091,15547,55483,5.57%
Schervier Nursing Care Center,01/01/2016  ,112604,7143,9851,129598,5.51%
Berkshire Nursing & Rehabilitation Center,01/01/2016  ,50615,3344,6740,60699,5.51%
Dry Harbor Nursing Home,01/01/2016  ,75651,6993,44556,127200,5.50%
Briarcliff Manor Center for Rehabilitation and Nursing Care,01/01/2016  ,30358,2040,4844,37242,5.48%
Crown Park Rehabilitation and Nursing Center,01/01/2016  ,23032,1394,1325,25751,5.41%
Oak Hollow Nursing Center,01/01/2016  ,40993,2838,8980,52811,5.37%
Buena Vida Continuing Care & Rehab Ctr,01/01/2016  ,74820,4398,2819,82037,5.36%
Tarrytown Hall Care Center,01/01/2016  ,33139,2133,4525,39797,5.36%
Emerald South Nursing and Rehabilitation Center,01/01/2016  ,30746,1852,2537,35135,5.27%
Smithtown Center for Rehabilitation & Nursing Care,01/01/2016  ,37516,2892,14666,55074,5.25%
Kirkhaven,01/01/2016  ,44050,2670,4148,50868,5.25%
Lutheran Augustana Center for Extended Care &Rehab,01/01/2016  ,42889,3709,24441,71039,5.22%
St James Rehabilitation & Healthcare Center,01/01/2016  ,46874,4130,28309,79313,5.21%
Parkview Care and Rehabilitation Center Inc,01/01/2016  ,51173,3100,5316,59589,5.20%
Hillside Manor Rehabilitation and Extended Care Center,01/01/2016  ,115383,7157,15729,138269,5.18%
Silvercrest,01/01/2016  ,61816,3838,9145,74799,5.13%
Greater Harlem Nursing Home Company Inc,01/01/2016  ,53203,3388,10390,66981,5.06%
Staten Island Care Center,01/01/2016  ,86543,5326,13509,105378,5.05%
Morningside Nursing and Rehabilitation Center,01/01/2016  ,84239,5521,19946,109706,5.03%
Friedwald Center for Rehabilitation & Nursing LLC,01/01/2016  ,35425,2969,20606,59000,5.03%
Elmhurst Care Center Inc,01/01/2016  ,69185,4301,12030,85516,5.03%
Monroe Community Hospital,01/01/2016  ,167292,9346,9343,185981,5.03%
Jamaica Hospital Nursing Home Co Inc,01/01/2016  ,57248,4035,19800,81083,4.98%
Glen Island Center for Nursing and Rehabilitation,01/01/2016  ,51436,3215,10469,65120,4.94%
Capstone Center for Rehabilitation and Nursing,01/01/2016  ,35719,2069,4286,42074,4.92%
Schulman and Schachne Institute for Nursing and Rehabilitat,01/01/2016  ,89600,5122,9610,104332,4.91%
Union Plaza Care Center,01/01/2016  ,85733,4713,6258,96704,4.87%
The Grand Rehabilitation and Nursing at River Valley,01/01/2016  ,19499,1168,3900,24567,4.75%
Workmens Circle Multicare Center,01/01/2016  ,139483,8751,36262,184496,4.74%
Ferncliff Nursing Home Co Inc,01/01/2016  ,93084,5109,10348,108541,4.71%
Brookhaven Health Care Facility LLC,01/01/2016  ,25737,2671,28458,56866,4.70%
Rockaway Care Center,01/01/2016  ,67020,3356,1327,71703,4.68%
Suffolk Center for Rehabilitation and Nursing,01/01/2016  ,34057,1895,4928,40880,4.64%
Batavia Health Care Center LLC,01/01/2016  ,16162,927,2930,20019,4.63%
Broadlawn Manor Nursing and Rehabilitation Center,01/01/2016  ,88275,4983,15649,108907,4.58%
Townhouse Center for Rehabilitation & Nursing,01/01/2016  ,64089,4096,21344,89529,4.58%
Peconic Bay Skilled Nursing Facility,01/01/2016  ,3237,822,14064,18123,4.54%
Momentum at South Bay for Rehabilitation and Nursin,01/01/2016  ,20544,2331,28772,51647,4.51%
Sayville Nursing and Rehabilitation Center,01/01/2016  ,42345,2733,15980,61058,4.48%
The Riverside,01/01/2016  ,135897,8252,41256,185405,4.45%
Elant at Wappinger Falls,01/01/2016  ,16113,880,2884,19877,4.43%
Central Island Healthcare,01/01/2016  ,45023,2915,18188,66126,4.41%
Sans Souci Rehabilitation and Nursing Center,01/01/2016  ,26350,1761,12700,40811,4.32%
Beth Abraham Health Services,01/01/2016  ,141718,6766,8473,156957,4.31%
Parker Jewish Institute for Health Care and Rehabilitation,01/01/2016  ,128314,7610,44864,180788,4.21%
Absolut Center for Nursing and Rehabilitation at Salam,01/01/2016  ,30651,1466,2884,35001,4.19%
Park Nursing Home,01/01/2016  ,57980,2662,2926,63568,4.19%
Dumont Center for Rehabilitation and Nursing Care,01/01/2016  ,46164,2589,13525,62278,4.16%
Upper East Side Rehabilitation and Nursing Center,01/01/2016  ,98473,6556,56974,162003,4.05%
Waterview Nursing Care Center,01/01/2016  ,55186,2465,3474,61125,4.03%
Nesconset Center for Nursing and Rehabilitation,01/01/2016  ,69380,3257,8157,80794,4.03%
Manhattanville Health Care Center,01/01/2016  ,59022,2885,9961,71868,4.01%
Humboldt House Rehabilitation and Nursing Center,01/01/2016  ,48433,2201,4502,55136,3.99%
Queens Nassau Rehabilitation and Nursing Center,01/01/2016  ,60374,2535,1749,64658,3.92%
Niagara Rehabilitation and Nursing Center,01/01/2016  ,44891,2001,4247,51139,3.91%
Horizon Care Center,01/01/2016  ,92030,3807,3002,98839,3.85%
Central Park Rehabilitation and Nursing Center,01/01/2016  ,49945,2048,4107,56100,3.65%
Bedford Center for Nursing and Rehabilitation,01/01/2016  ,52236,2560,15414,70210,3.65%
Schaffer Extended Care Center,01/01/2016  ,38637,1880,11086,51603,3.64%
The Grand Rehabilitation and Nursing at Pawling,01/01/2016  ,32966,1514,7107,41587,3.64%
Campbell Hall Rehabilitation Center Inc,01/01/2016  ,31185,1352,4878,37415,3.61%
Throgs Neck Rehabilitation & Nursing Center,01/01/2016  ,52323,2635,18607,73565,3.58%
Nassau Rehabilitation & Nursing Center,01/01/2016  ,86542,3464,8929,98935,3.50%
Regeis Care Center,01/01/2016  ,69431,2831,9151,81413,3.48%
King David Center for Nursing and Rehabilitation,01/01/2016  ,69676,3209,19750,92635,3.46%
Brooklyn-Queens Nursing Home,01/01/2016  ,44845,1683,2863,49391,3.41%
Eger Health Care and Rehabilitation Center,01/01/2016  ,93095,4440,34526,132061,3.36%
Woodmere Rehabilitation And Health Care Center,01/01/2016  ,34237,1528,9866,45631,3.35%
Center For Nursing & Rehabilitation Inc,01/01/2016  ,103878,3864,7654,115396,3.35%
Seagate Rehabilitation and Nursing Center,01/01/2016  ,104165,4221,18304,126690,3.33%
Peninsula Nursing and Rehabilitation Center,01/01/2016  ,59393,2244,5812,67449,3.33%
The Emerald Peek Rehabilitation and Nursing Center,01/01/2016  ,21724,844,2982,25550,3.30%
Cobble Hill Health Center Inc,01/01/2016  ,109007,4255,17693,130955,3.25%
Terence Cardinal Cooke Health Care Ctr,01/01/2016  ,106239,4079,15978,126296,3.23%
Highpointe on Michigan Health Care Facility,01/01/2016  ,76089,2945,15126,94160,3.13%
Oasis Rehabilitation and Nursing LLC,01/01/2016  ,12757,979,19299,33035,2.96%
Westchester Center for Rehabilitation & Nursing,01/01/2016  ,70122,2397,8771,81290,2.95%
Emerald North Nursing and Rehabilitation Center,01/01/2016  ,24894,806,2045,27745,2.91%
Focus Rehabilitation and Nursing Center at Utica,01/01/2016  ,38106,1235,3544,42885,2.88%
Hopkins Center for Rehabilitation and Healthcare,01/01/2016  ,82737,2948,17343,103028,2.86%
Northern Manor Geriatric Center Inc,01/01/2016  ,60509,2071,9883,72463,2.86%
Resort Nursing Home,01/01/2016  ,57688,1786,3259,62733,2.85%
Woodcrest Rehabilitation & Residential Health Care Ctr LLC,01/01/2016  ,60133,2008,8439,70580,2.84%
New York Congregational Nursing Center Inc,01/01/2016  ,60938,1976,8109,71023,2.78%
Creekview Nursing and Rehab Center,01/01/2016  ,26796,835,3235,30866,2.71%
Cliffside Rehabilitation and Residential Health Care Center,01/01/2016  ,55865,1650,6311,63826,2.59%
The Citadel Rehab and Nursing Center at Kingsbridge,01/01/2016  ,113528,3508,20415,137451,2.55%
Rego Park Nursing Home,01/01/2016  ,61048,1801,8874,71723,2.51%
Northern Riverview Health Care Center Inc,01/01/2016  ,50896,1573,10464,62933,2.50%
The Springs Nursing and Rehabilitation Centre,01/01/2016  ,21658,640,3313,25611,2.50%
Hudson Park Rehabilitation and Nursing Center,01/01/2016  ,61073,1745,9337,72155,2.42%
Four Seasons Nursing and Rehabilitation Center,01/01/2016  ,68188,2128,18224,88540,2.40%
Sea Crest Nursing and Rehabilitation Center,01/01/2016  ,86450,2449,15626,104525,2.34%
New Vanderbilt Rehabilitation and Care Center Inc,01/01/2016  ,85910,2174,7136,95220,2.28%
Crown Nursing and Rehabilitation Center,01/01/2016  ,52720,1377,11451,65548,2.10%
Riverdale Nursing Home,01/01/2016  ,41656,996,6233,48885,2.04%
Regency Extended Care Center,01/01/2016  ,101785,2172,5269,109226,1.99%
Williamsbridge Manor Nursing Home,01/01/2016  ,22980,503,3384,26867,1.87%
Spring Creek Rehabilitation & Nursing Care Center,01/01/2016  ,49144,1162,16445,66751,1.74%
The Plaza Rehab and Nursing Center (Bronx County),01/01/2016  ,64164,1263,7449,72876,1.73%
East Haven Nursing And Rehabilitation Center,01/01/2016  ,64779,1213,5810,71802,1.69%
Shore View Nursing & Rehabilitation Center,01/01/2016  ,68017,1797,36573,106387,1.69%
Hudson Pointe at Riverdale Center for Nursing and Rehabilitation,01/01/2016  ,26583,541,5111,32235,1.68%
Brooklyn Center for Rehabilitation and Residential Hea,01/01/2016  ,65572,1231,9008,75811,1.62%
Isabella Geriatric Center Inc,01/01/2016  ,196713,3821,40081,240615,1.59%
Jeanne Jugan Residence,01/01/2016  ,10385,171,350,10906,1.57%
Brooklyn United Methodist Church Home,01/01/2016  ,38728,653,2922,42303,1.54%
Woodhaven Nursing Home,01/01/2016  ,26659,511,6271,33441,1.53%
Wayne Center For Nursing And Rehabilitation,01/01/2016  ,65762,954,3597,70313,1.36%
Bronx Center For Rehabilitation and Health,01/01/2016  ,56012,965,14748,71725,1.35%
Linden Center for Nursing and Rehabilitation,01/01/2016  ,82974,1302,16481,100757,1.29%
The Phoenix Rehabilitation and Nursing Center,01/01/2016  ,118721,1778,20983,141482,1.26%
Mosholu Parkway Nursing And Rehabilitation Center,01/01/2016  ,39158,536,3038,42732,1.25%
Grand Manor Nursing & Rehabilitation Center,01/01/2016  ,75741,943,2238,78922,1.19%
Bronx-Lebanon Special Care Center,01/01/2016  ,39845,512,2807,43164,1.19%
Champlain Valley Physicians Hospital Medical Center Snf,01/01/2016  ,19057,234,657,19948,1.17%
Morris Park Nursing Home,01/01/2016  ,60772,797,6756,68325,1.17%
Promenade Rehabilitation and Health Care Center,01/01/2016  ,68799,867,5429,75095,1.15%
Holliswood Center for Rehabilitation and Healthcare,01/01/2016  ,97125,1214,13724,112063,1.08%
Northern Manhattan Rehabilitation and Nursing Center,01/01/2016  ,103773,1175,8791,113739,1.03%
Laconia Nursing Home Inc,01/01/2016  ,80318,829,4543,85690,0.97%
Rebekah Rehab and Extended Care Center,01/01/2016  ,67151,703,8135,75989,0.93%
Bainbridge Nursing And Rehabilitation Center,01/01/2016  ,61043,613,4883,66539,0.92%
Bushwick Center for Rehabilitation and Health Care,01/01/2016  ,67322,714,12164,80200,0.89%
West Lawrence Care Center LLC,01/01/2016  ,66575,596,6769,73940,0.81%
Henry J Carter Skilled Nursing Facility,01/01/2016  ,49001,369,1702,51072,0.72%
Crown Heights Center for Nursing and Rehabilitation,01/01/2016  ,85429,757,18875,105061,0.72%
Eastchester Rehabilitation and Health Care Center,01/01/2016  ,56162,438,8313,64913,0.67%
St Vincent Depaul Residence,01/01/2016  ,40723,280,2436,43439,0.64%
Bezalel Rehabilitation and Nursing Center,01/01/2016  ,34543,260,6336,41139,0.63%
Oxford Nursing Home,01/01/2016  ,67633,408,10197,78238,0.52%
Fordham Nursing and Rehabilitation Center,01/01/2016  ,33604,134,1404,35142,0.38%
Far Rockaway Nursing Home,01/01/2016  ,32093,83,3179,35355,0.23%
New Surfside Nursing Home,01/01/2016  ,62913,142,565,63620,0.22%
University Nursing Home,01/01/2016  ,13691,10,2641,16342,0.06%
Haven Manor Health Care Center LLC,01/01/2016  ,84631,3,1133,85767,0.00%
St Margarets Center,01/01/2016  ,7217,0,30,7247,0.00%
The Steven and Alexandra Cohen Pediatric Long Term Care Pavilion,01/01/2016  ,833,0,47,880,0.00%
Statewide,,,4357738,,36355059,11.99%
,,,,,,
,,,,,,
,,,,,,
,,,,,,
,,,,,,
,,,,,,
,,,,,,
,,,,,,
,,,,,,
,,,,,,
,,,,,,
,,,,,,
,,,,,,
,,,,,,
,,,,,,
,,,,,,
,,,,,,
,,,,,,
,,,,,,
,,,,,,
,,,,,,
,,,,,,
,,,,,,
,,,,,,
,,,,,,
,,,,,,
,,,,,,
,,,,,,
,,,,,,
,,,,,,
,,,,,,
,,,,,,
,,,,,,
,,,,,,
,,,,,,
,,,,,,
,,,,,,
,,,,,,
,,,,,,
,,,,,,
,,,,,,
,,,,,,
,,,,,,
,,,,,,
,,,,,,
,,,,,,
,,,,,,
,,,,,,
,,,,,,
,,,,,,
,,,,,,
,,,,,,
,,,,,,
,,,,,,
,,,,,,
,,,,,,
,,,,,,
,,,,,,
,,,,,,
,,,,,,
,,,,,,
,,,,,,
,,,,,,
,,,,,,
,,,,,,
,,,,,,
,,,,,,
,,,,,,
,,,,,,
,,,,,,
,,,,,,
,,,,,,
,,,,,,
,,,,,,
,,,,,,
,,,,,,
,,,,,,
,,,,,,
,,,,,,
,,,,,,
,,,,,,
,,,,,,
,,,,,,
,,,,,,
,,,,,,
,,,,,,
,,,,,,
,,,,,,
,,,,,,
,,,,,,
,,,,,,
,,,,,,
,,,,,,
,,,,,,
,,,,,,
,,,,,,
,,,,,,
,,,,,,
,,,,,,
,,,,,,
,,,,,,
,,,,,,
,,,,,,
,,,,,,
,,,,,,
,,,,,,
,,,,,,
,,,,,,
,,,,,,
,,,,,,
,,,,,,
,,,,,,
,,,,,,
,,,,,,
,,,,,,
,,,,,,
,,,,,,
,,,,,,
,,,,,,
,,,,,,
,,,,,,
,,,,,,
,,,,,,
,,,,,,
,,,,,,
,,,,,,
,,,,,,
,,,,,,
,,,,,,
,,,,,,
,,,,,,
,,,,,,
,,,,,,
,,,,,,
,,,,,,
,,,,,,
,,,,,,
,,,,,,
,,,,,,
,,,,,,
,,,,,,
,,,,,,
,,,,,,
,,,,,,
,,,,,,
,,,,,,
,,,,,,
,,,,,,
,,,,,,
,,,,,,
,,,,,,
,,,,,,
,,,,,,
,,,,,,
,,,,,,
,,,,,,
,,,,,,
,,,,,,
,,,,,,
,,,,,,
,,,,,,
,,,,,,
,,,,,,
,,,,,,
,,,,,,
,,,,,,
,,,,,,
,,,,,,
,,,,,,
,,,,,,
,,,,,,
,,,,,,
,,,,,,
,,,,,,
,,,,,,
,,,,,,
,,,,,,
,,,,,,
,,,,,,
,,,,,,
,,,,,,
,,,,,,
,,,,,,
,,,,,,
,,,,,,
,,,,,,
,,,,,,
,,,,,,
,,,,,,
,,,,,,
,,,,,,
,,,,,,
,,,,,,
,,,,,,
,,,,,,
,,,,,,
,,,,,,
,,,,,,
,,,,,,
,,,,,,
,,,,,,
,,,,,,
,,,,,,
,,,,,,
,,,,,,
,,,,,,
,,,,,,
,,,,,,
,,,,,,
,,,,,,
,,,,,,
,,,,,,
,,,,,,
,,,,,,
,,,,,,
,,,,,,
,,,,,,
,,,,,,
,,,,,,
,,,,,,
,,,,,,
,,,,,,
,,,,,,
,,,,,,
,,,,,,
,,,,,,
,,,,,,
,,,,,,
,,,,,,
,,,,,,
,,,,,,
,,,,,,
,,,,,,
,,,,,,
,,,,,,
,,,,,,
,,,,,,
,,,,,,
,,,,,,
,,,,,,
,,,,,,
,,,,,,
,,,,,,
,,,,,,
,,,,,,
,,,,,,
,,,,,,
,,,,,,
,,,,,,
,,,,,,
,,,,,,
,,,,,,
,,,,,,
,,,,,,
,,,,,,
,,,,,,
,,,,,,
,,,,,,
,,,,,,
,,,,,,
,,,,,,
,,,,,,
,,,,,,
,,,,,,
,,,,,,
,,,,,,
,,,,,,
,,,,,,
,,,,,,
,,,,,,
,,,,,,
,,,,,,
,,,,,,
,,,,,,
,,,,,,
,,,,,,
,,,,,,
,,,,,,
,,,,,,
,,,,,,
,,,,,,
,,,,,,
,,,,,,
,,,,,,
,,,,,,
,,,,,,
,,,,,,
,,,,,,
,,,,,,
,,,,,,
,,,,,,
,,,,,,
,,,,,,
,,,,,,
,,,,,,
,,,,,,
,,,,,,
,,,,,,
,,,,,,
,,,,,,
,,,,,,
,,,,,,
,,,,,,
,,,,,,
,,,,,,
,,,,,,
,,,,,,
,,,,,,
,,,,,,
,,,,,,
,,,,,,
,,,,,,
,,,,,,
,,,,,,
,,,,,,
,,,,,,
,,,,,,
,,,,,,
,,,,,,
,,,,,,
,,,,,,
,,,,,,
,,,,,,
,,,,,,
,,,,,,
,,,,,,
,,,,,,
,,,,,,
,,,,,,
,,,,,,
,,,,,,
,,,,,,
,,,,,,
,,,,,,
,,,,,,
,,,,,,
,,,,,,
,,,,,,
,,,,,,
,,,,,,
,,,,,,
,,,,,,
,,,,,,
,,,,,,
,,,,,,
,,,,,,
,,,,,,
,,,,,,
,,,,,,
,,,,,,
,,,,,,
,,,,,,
,,,,,,
,,,,,,
,,,,,,
,,,,,,